{"SC": {"moda": 850, "mediana": 653.0, "media": 649.5376527422563, "desvio_padrao": 97.233492793433}, "RS": {"moda": 850, "mediana": 650.0, "media": 651.1051428571428, "desvio_padrao": 95.13659841383574}, "PR": {"moda": 850, "mediana": 650.0, "media": 648.9612940496822, "desvio_padrao": 98.60718591309758}}